spectrum_1,spectrum_2,spectrum_3,spectrum_4,spectrum_5,spectrum_6,spectrum_7,spectrum_8,spectrum_9,spectrum_10,spectrum_11,spectrum_12,spectrum_13,spectrum_14,spectrum_15,spectrum_16,alcohol_percentage,sugar_percentage
1228,984,1016,1567,1051,1212,757,1187,1482,944,1080,1073,1805,1185,1069,1444,0,0
1265,969,1055,1607,1106,1230,772,1236,1563,981,1118,1100,1874,1249,1085,1464,0,0
1264,966,1035,1593,1112,1190,752,1215,1625,948,1077,1091,1861,1228,1079,1365,0,0
1259,944,1043,1608,1160,1193,758,1223,1581,942,1078,1096,1862,1244,1087,1503,0,0
1258,936,1021,1600,946,1175,735,1196,1532,924,1045,1069,1859,1236,1068,1487,0,0
1272,949,1022,1603,1076,1141,710,1185,1518,932,1062,1078,1880,1247,1065,1462,0,0
1282,921,1033,1606,888,1154,719,1190,1606,908,1051,1063,2124,1341,1063,1567,0,0
1296,893,1030,1626,802,1115,696,1177,1721,884,1034,1065,2053,1315,1069,1584,0,0
1304,928,1053,1655,1082,1130,719,1202,1696,913,1057,1093,2070,1339,1078,1568,0,0
1286,953,1045,1638,943,1111,720,1187,1573,894,1033,1054,2048,1314,1058,1566,0,0
1278,889,1013,1623,1091,1096,692,1153,1640,866,1016,1049,2035,1323,1050,1515,0,0
1283,932,1034,1618,1143,1087,686,1169,1632,850,1010,1063,2024,1338,1064,1552,0,0
2386,1569,1978,3052,1655,1556,875,2217,2872,1230,1745,2081,3549,2378,2212,2695,0,1
2242,1540,1874,2882,1672,1510,799,2116,2786,1171,1670,1994,3333,2265,2101,2549,0,1
2213,1531,1825,2798,1477,1516,807,2105,2750,1168,1662,1996,3164,2166,2073,2483,0,1
2142,1519,1796,2719,1361,1478,799,2032,2756,1128,1615,1925,3061,2091,1996,2385,0,1
2168,1427,1795,2735,1436,1430,766,2014,2779,1107,1592,1916,3104,2129,2015,2461,0,1
2055,1371,1692,2592,1285,1377,726,1945,2702,1070,1537,1849,2931,2021,1900,2259,0,1
1995,1365,1641,2502,1400,1381,745,1905,2521,1034,1501,1792,2745,1906,1827,2159,0,1
1989,1367,1642,2489,1213,1344,719,1876,2536,1057,1489,1795,2905,1997,1851,2278,0,1
2004,1341,1677,2527,1307,1345,727,1901,2603,1046,1501,1773,2860,1955,1843,2219,0,1
2040,1307,1680,2572,1343,1348,734,1900,2651,1048,1498,1802,3015,2054,1880,2379,0,1
2023,1335,1678,2551,1385,1357,742,1902,2640,1074,1504,1798,2946,2020,1843,2263,0,1
2013,1312,1676,2533,1442,1352,732,1888,2531,1062,1507,1775,2941,1995,1848,2269,0,1
1987,1322,1652,2500,1455,1364,777,1880,2579,1090,1514,1801,2903,1969,1813,2227,0,1
2009,1304,1669,2496,1595,1413,817,1922,2488,1129,1572,1831,2858,1971,1836,2188,0,1
2036,1313,1684,2538,1652,1439,813,1974,2635,1145,1608,1891,3234,2170,1910,2462,0,1
6211,3554,4974,8827,3322,3336,1786,4918,7442,2523,3623,4439,15549,8624,5449,10480,0,2
6259,3472,4850,8592,3213,3251,1730,4792,7235,2475,3543,4339,15194,8430,5314,10326,0,2
6135,3456,4754,8440,3068,3204,1721,4716,7117,2439,3486,4268,14927,8268,5230,10089,0,2
6045,3386,4696,8324,3098,3194,1716,4649,6952,2447,3455,4219,14713,8145,5165,9992,0,2
5994,3357,4637,8214,3002,3139,1708,4599,6870,2422,3428,4176,14539,8061,5119,9893,0,2
5933,3299,4593,8150,2991,3122,1672,4556,6823,2391,3398,4115,14393,7978,5068,9749,0,2
5884,3281,4595,8108,2857,3138,1680,4556,6774,2398,3390,4129,14296,7923,5045,9655,0,2
5866,3257,4545,8029,2990,3133,1711,4529,6762,2390,3378,4118,14185,7882,4989,9593,0,2
5799,3228,4503,7964,2867,3086,1673,4480,6707,2378,3346,4063,14058,7796,4958,9522,0,2
5778,3208,4495,7924,2911,3066,1662,4442,6528,2345,3328,4044,13981,7756,4911,9463,0,2
5721,3192,4446,7865,2764,3051,1643,4404,6602,2325,3300,3996,13905,7710,4876,9347,0,2
5740,3195,4443,7867,2957,3055,1646,4424,6606,2336,3301,4004,13846,7690,4889,9281,0,2
5675,3120,4405,7801,2848,3019,1641,4403,6478,2324,3302,4002,13743,7645,4847,9355,0,2
3713,2367,3088,4747,2495,2456,1414,3282,4295,1873,2574,2953,6314,4042,3286,4653,0,3
3685,2407,3023,4712,2591,2517,1445,3322,4302,1912,2635,2998,6217,3989,3287,4677,0,3
3708,2497,3064,4741,2606,2590,1481,3345,4326,1973,2702,3036,6156,3999,3331,4730,0,3
3808,2516,3144,4842,2403,2633,1498,3433,4489,1986,2772,3130,6338,4141,3435,4828,0,3
3841,2555,3197,4906,2480,2615,1489,3454,4631,1995,2768,3116,6427,4208,3470,4917,0,3
3907,2414,3272,4946,1257,2649,1535,3454,3886,2018,2785,3150,6476,4233,3502,4712,0,3
3867,2499,3206,4902,2096,2622,1510,3461,4389,1997,2762,3137,6438,4218,3454,4751,0,3
3855,2512,3214,4899,2153,2592,1511,3467,4410,1992,2770,3137,6478,4244,3459,4824,0,3
3842,2429,3160,4835,2195,2524,1465,3381,4346,1933,2645,3050,6380,4139,3375,4710,0,3
3747,2415,3089,4760,2327,2487,1452,3351,4314,1912,2636,3030,6214,4070,3323,4551,0,3
3818,2474,3136,4793,2094,2551,1474,3413,4395,1966,2720,3087,6204,4077,3379,4596,0,3
3739,2437,3117,4738,2194,2532,1455,3374,4178,1956,2702,3055,6081,3998,3334,4522,0,3
3676,2382,3056,4665,2146,2530,1446,3304,4107,1931,2665,3002,6014,3954,3240,4450,0,3
3623,2343,2976,4555,2125,2448,1384,3190,4080,1886,2578,2911,5899,3818,3151,4342,0,3
5316,2931,4069,7221,2648,2843,1517,3979,5840,2162,3035,3590,12775,7060,4424,8734,0,4
5249,2911,4070,7225,2739,2850,1516,4016,5915,2163,3046,3593,12814,7053,4409,8770,0,4
5342,2938,4155,7383,2722,2902,1540,4116,6034,2228,3151,3722,13318,7328,4588,9158,0,4
5462,3022,4217,7513,2767,2946,1560,4162,6098,2237,3155,3725,13337,7334,4582,9090,0,4
5462,3027,4241,7520,2659,2960,1580,4163,6256,2256,3177,3742,13379,7362,4594,9130,0,4
5523,3014,4268,7569,2821,2972,1584,4177,6177,2256,3173,3755,13519,7396,4628,9146,0,4
5497,3005,4270,7566,2741,2900,1589,4045,6141,2241,3096,3622,12545,6915,4406,8450,0,4
5236,2847,4073,7304,2552,2894,1554,4098,6168,2245,3138,3708,13423,7372,4562,9128,0,4
5680,3054,4382,7836,2593,3034,1626,4288,6420,2299,3251,3839,13991,7643,4729,9436,0,4
5600,3038,4307,7717,2546,3002,1587,4191,6237,2266,3180,3753,13731,7523,4639,9228,0,4
5514,2984,4274,7634,2538,2956,1552,4163,6111,2245,3178,3745,13724,7492,4604,9304,0,4
5542,2989,4263,7656,2491,2962,1565,4168,6347,2261,3175,3758,13731,7505,4608,9283,0,4
5559,3000,4297,7688,2641,2964,1562,4200,6253,2263,3187,3779,13819,7548,4630,9374,0,4
5582,3022,4318,7722,2716,2979,1567,4195,6164,2274,3192,3792,13855,7557,4657,9373,0,4
1960,1351,1621,2524,1320,1526,960,1814,2405,1204,1548,1685,3576,2266,1866,2657,0,5
2096,1440,1725,2699,1348,1593,999,1895,2359,1234,1591,1717,3649,2289,1877,2580,0,5
2144,1523,1784,2731,1569,1686,1047,1963,2455,1285,1675,1785,3584,2289,1896,2633,0,5
2109,1449,1765,2700,1320,1665,1038,1941,2362,1280,1685,1783,3560,2276,1890,2623,0,5
2129,1498,1773,2686,1424,1679,1049,1930,2240,1272,1676,1780,3490,2235,1874,2601,0,5
2184,1514,1810,2749,1414,1731,1088,2014,2393,1335,1741,1853,3560,2296,1951,2623,0,5
2191,1512,1809,2748,1458,1729,1077,2017,2345,1326,1728,1839,3525,2307,1959,2615,0,5
2176,1504,1823,2752,1586,1736,1084,2008,2473,1324,1715,1824,3509,2272,1914,2551,0,5
2156,1503,1797,2713,1534,1712,1069,1986,2383,1320,1690,1799,3466,2228,1898,2551,0,5
2133,1470,1783,2700,1369,1713,1074,1981,2330,1317,1715,1801,3450,2253,1926,2614,0,5
2150,1467,1802,2699,1555,1715,1087,2000,2275,1318,1717,1819,3415,2234,1919,2569,0,5
2165,1533,1832,2730,1428,1773,1103,2031,2389,1358,1765,1853,3438,2237,1927,2529,0,5
2191,1539,1842,2741,1512,1769,1102,2030,2373,1352,1752,1851,3445,2251,1944,2544,0,5
2170,1516,1831,2742,1506,1760,1090,2040,2442,1365,1753,1850,3431,2259,1937,2645,0,5
1651,1394,1498,1974,1226,1674,1129,1783,1863,1298,1636,1601,1823,1439,1623,1558,0,6
1662,1395,1515,2015,1421,1640,1113,1771,1838,1290,1630,1617,1921,1459,1619,1585,0,6
1720,1399,1550,2093,1475,1671,1109,1830,1949,1305,1701,1675,2018,1542,1682,1651,0,6
1735,1303,1550,2112,1298,1538,980,1793,1973,1184,1596,1655,2200,1630,1689,1832,0,6
1749,1308,1555,2124,1248,1520,955,1799,2096,1176,1603,1668,2229,1651,1716,1840,0,6
1809,1349,1582,2162,1347,1481,929,1817,2093,1130,1572,1670,2313,1697,1735,1901,0,6
1803,1408,1593,2202,1515,1530,941,1864,2127,1184,1627,1706,2292,1709,1780,1874,0,6
1791,1480,1613,2140,1478,1733,1111,1899,1994,1349,1779,1721,1961,1513,1724,1606,0,6
1743,1430,1597,2090,1435,1720,1072,1869,2000,1324,1757,1697,1940,1511,1736,1562,0,6
1741,1482,1608,2090,1657,1758,1121,1865,2020,1370,1799,1714,1870,1497,1736,1581,0,6
1769,1467,1631,2125,1463,1757,1099,1911,2004,1364,1790,1743,1864,1496,1743,1541,0,6
1769,1447,1615,2102,1255,1602,985,1854,2180,1220,1679,1700,2069,1611,1750,1745,0,6
1788,1343,1608,2165,1500,1572,947,1877,2136,1204,1680,1734,2129,1641,1779,1797,0,6
4125,2334,3183,5634,1914,2350,1315,3227,4645,1833,2513,2933,9858,5540,3497,6848,0,7
4119,2347,3195,5642,2010,2360,1334,3235,4595,1852,2532,2962,10010,5577,3501,6954,0,7
4123,2382,3196,5656,1822,2355,1336,3214,4585,1837,2529,2948,9990,5566,3482,6906,0,7
4117,2370,3209,5699,1862,2387,1335,3245,4607,1851,2555,2983,10120,5639,3515,7079,0,7
4231,2439,3302,5818,1873,2424,1366,3327,4807,1902,2605,3042,10298,5710,3588,7208,0,7
4240,2405,3295,5805,2085,2428,1383,3313,4719,1902,2610,3017,10330,5722,3571,7142,0,7
4295,2445,3318,5851,2071,2455,1377,3292,4707,1870,2582,3002,10220,5683,3548,7129,0,7
4363,2444,3366,5953,2058,2500,1420,3365,4764,1945,2662,3103,10584,5847,3654,7362,0,7
4352,2429,3357,5945,2019,2489,1416,3371,4841,1937,2664,3098,10587,5867,3644,7287,0,7
4363,2471,3380,5965,2156,2494,1417,3388,4788,1932,2672,3103,10593,5889,3661,7369,0,7
4351,2460,3357,5967,2036,2478,1410,3356,4781,1922,2649,3081,10584,5867,3642,7330,0,7
4327,2442,3379,5959,1897,2475,1393,3381,4801,1922,2653,3083,10604,5892,3654,7403,0,7
4327,2421,3368,5964,2034,2482,1396,3375,4771,1941,2658,3103,10635,5887,3677,7334,0,7
4336,2482,3346,5937,2008,2475,1399,3359,4722,1931,2650,3086,10565,5860,3639,7229,0,7
4352,2446,3361,5965,2127,2470,1398,3370,4705,1949,2664,3101,10613,5885,3647,7331,0,7
2752,1793,2368,4023,1804,1993,1324,2416,3351,1578,1965,2177,6448,3661,2452,4428,1,0
2565,1577,2045,3383,1610,1813,1256,2128,2954,1464,1783,1959,5547,3196,2177,3928,1,0
2467,1485,1961,3284,1579,1746,1201,2033,2804,1387,1690,1841,5328,3059,2067,3900,1,0
2282,1423,1815,2981,1439,1715,1179,1924,2544,1378,1697,1816,4717,2749,1918,3316,1,0
2134,1364,1680,2822,1548,1546,1058,1739,2453,1221,1451,1556,4385,2489,1678,3163,1,0
3273,1915,2480,4460,1799,1946,1122,2519,3809,1498,1990,2268,7353,4103,2594,5239,1,0
2658,1566,2051,3621,1556,1661,972,2070,3193,1268,1643,1867,5777,3238,2111,4108,1,0
2108,1255,1622,2832,1320,1347,826,1682,2501,1065,1337,1486,4364,2457,1655,3167,1,0
9482,5250,7169,13226,4650,4970,2679,6960,10365,3808,5329,6338,24440,13268,7760,16609,1,1
9302,5140,7026,12971,4439,4882,2631,6829,10197,3756,5238,6229,24036,13049,7626,16365,1,1
9154,5081,6942,12790,4365,4828,2611,6745,10004,3729,5189,6163,23635,12867,7522,16136,1,1
9053,5031,6841,12647,4354,4754,2574,6651,9963,3656,5113,6073,23421,12732,7420,16022,1,1
8909,4914,6736,12471,4292,4689,2543,6550,9879,3606,5030,5968,23074,12543,7298,15780,1,1
8767,4841,6633,12292,4259,4608,2504,6461,9694,3556,4973,5903,22802,12400,7193,15598,1,1
8692,4797,6566,12157,4178,4580,2482,6377,9548,3536,4918,5831,22524,12254,7123,15432,1,1
8586,4746,6486,11998,4104,4540,2473,6327,9480,3500,4873,5807,22308,12142,7052,15350,1,1
8543,4763,6460,11961,4136,4496,2451,6277,9347,3479,4842,5750,22159,12082,7008,15187,1,1
8491,4722,6428,11922,4069,4516,2450,6273,9444,3494,4836,5740,22103,12012,6969,15077,1,1
8390,4675,6353,11769,3994,4441,2414,6164,9211,3414,4802,5627,22045,11845,6926,14851,1,1
8180,4525,6185,11494,4121,4347,2359,6027,9057,3365,4645,5530,21309,11582,6706,14585,1,1
2572,2089,2346,3058,1953,2674,1821,2678,2994,2180,2661,2488,3138,2421,2468,2603,1,2
2526,2055,2248,2921,1747,2486,1680,2467,2766,1981,2397,2265,2933,2137,2069,2249,1,2
2698,2154,2481,3243,2057,2733,1719,2770,3126,2142,2743,2607,3289,2547,2509,2676,1,2
2899,2280,2610,3405,2205,2831,1805,2885,3196,2196,2818,2694,3316,2582,2559,2776,1,2
2830,2236,2561,3342,2144,2784,1804,2846,3003,2168,2788,2672,3334,2594,2569,2822,1,2
3005,2402,2713,3516,2063,2976,1892,2982,3012,2316,2937,2792,3404,2648,2654,2830,1,2
2986,2351,2717,3501,2214,2962,1897,2983,3200,2307,2941,2791,3381,2651,2653,2834,1,2
3058,2424,2786,3609,1934,2996,1924,3061,3237,2316,2985,2862,3528,2754,2756,2999,1,2
4122,3235,3739,4773,3321,4215,2904,4103,4205,3324,4096,3848,4671,3665,3700,3834,1,3
4735,3765,4286,5503,3881,4679,3065,4705,4920,3659,4667,4409,5363,4187,4214,4410,1,3
4765,3767,4311,5557,3925,4730,3014,4688,4812,3661,4706,4460,5458,4262,4311,4525,1,3
4792,3770,4333,5578,3805,4722,3053,4824,5011,3707,4749,4511,5524,4292,4312,4518,1,3
4208,3328,3816,4900,3392,4290,2819,4430,4695,3407,4402,4187,5089,3998,4055,4221,1,3
4411,3504,3981,5159,3620,4397,2860,4505,4735,3459,4452,4234,5076,3976,4059,4200,1,3
4435,3512,4018,5152,3409,4341,2827,4424,4617,3372,4358,4136,4963,3885,3942,4101,1,3
4360,3435,3942,5074,3483,4299,2779,4361,4485,3329,4298,4092,4909,3843,3890,4032,1,3
4356,3425,3948,5076,3518,4281,2767,4384,4532,3308,4303,4104,4910,3827,3898,4031,1,3
4266,3372,3865,4973,3576,4217,2701,4308,4472,3261,4248,4058,4839,3769,3852,3936,1,3
4310,3383,3915,5004,3461,4239,2729,4330,4491,3289,4294,4084,4883,3803,3802,3978,1,3
4369,3428,3985,5096,3586,4247,2723,4388,4728,3337,4396,4231,5159,4027,4038,4238,1,3
4461,3465,4053,5218,3535,4354,2795,4488,4664,3387,4430,4231,5169,4026,4056,4258,1,3
9833,5340,7441,13522,4707,5133,2752,7381,11199,3911,5542,6623,23772,13185,8056,16651,1,4
9793,5307,7396,13411,4713,5092,2721,7352,11200,3885,5511,6581,23634,13103,7991,16555,1,4
9670,5229,7278,13250,4733,5041,2671,7271,11070,3847,5468,6562,23409,13004,7940,16423,1,4
9664,5218,7292,13244,4640,5032,2677,7240,10966,3829,5436,6513,23325,12942,7911,16300,1,4
7188,3868,5458,11466,4834,4979,2671,7218,11028,3809,5400,6487,23363,12892,7869,16326,1,4
9641,5211,7295,13196,4714,5004,2673,7234,11116,3836,5415,6492,23358,12869,7847,16250,1,4
9687,5259,7284,13236,4873,5027,2689,7263,11202,3850,5436,6534,23328,12887,7860,16249,1,4
9642,5214,7279,13191,4802,5010,2684,7219,10970,3827,5436,6504,23271,12869,7864,16309,1,4
9634,5159,7269,13178,4704,4993,2670,7209,11017,3827,5420,6470,23240,12841,7827,16199,1,4
9609,5145,7235,13138,4798,5000,2684,7205,11069,3804,5402,6471,23189,12823,7811,16256,1,4
9555,5156,7209,13085,4594,4962,2665,7183,11019,3796,5399,6459,23139,12784,7782,16237,1,4
9577,5145,7232,13106,4671,4965,2670,7188,10993,3793,5370,6438,23067,12750,7755,16078,1,4
9546,5124,7197,13062,4744,4930,2641,7141,11080,3760,5339,6407,23074,12748,7747,16055,1,4
9546,5069,7188,13051,4730,4910,2615,7133,10965,3760,5339,6407,23070,12752,7764,16058,1,4
9537,5105,7197,13029,4684,4920,2620,7129,10896,3760,5333,6390,22974,12708,7714,16079,1,4
10729,5749,8120,14722,5196,5517,2947,7985,11896,4209,5934,7160,25752,14177,8707,17782,1,5
10395,5566,7868,14295,5076,5334,2850,7787,11705,4082,5754,6929,24991,13730,8427,17319,1,5
10372,5550,7855,14292,4910,5320,2845,7782,11602,4057,5735,6931,25070,13807,8427,17309,1,5
10369,5508,7869,14291,4992,5316,2835,7762,11687,4065,5724,6918,25042,13787,8404,17242,1,5
10488,5612,7990,14522,5286,5458,2916,7944,11903,4197,5896,7107,25667,14175,8599,17855,1,5
10372,5657,7900,14404,5150,5550,3008,7873,12069,4321,5992,7146,26170,14184,8485,17203,1,5
10458,5646,7871,14412,5134,5554,3012,7902,11932,4315,6000,7127,26228,14422,8726,17908,1,5
10446,5674,7981,14464,5335,5590,3013,7879,12116,4311,6000,7166,26417,14507,8751,18071,1,5
10459,5674,7961,14477,5210,5574,2959,7830,11771,4274,5930,7040,25700,14169,8594,17702,1,5
10319,5595,7800,14169,5008,5446,2927,7714,11708,4222,5893,7011,25734,14084,8596,17575,1,5
10266,5608,7813,14177,5224,5470,2944,7742,11789,4245,5879,7024,25709,14153,8559,17653,1,5
10284,5572,7841,14211,5094,5491,2948,7754,11917,4263,5919,7041,25807,14168,8560,17706,1,5
10307,5556,7826,14240,5138,5472,2949,7736,11782,4248,5895,7026,25772,14207,8589,17703,1,5
10291,5556,7832,14182,5257,5498,2958,7763,11792,4263,5888,7047,25758,14208,8536,17687,1,5
10234,5524,7802,14067,5288,5455,2949,7680,11657,4240,5895,7006,25679,14026,8453,17262,1,5
2815,1945,2343,3482,1990,2121,1298,2532,3071,1634,2163,2333,4144,2830,2478,3139,1,6
2785,1941,2341,3473,1879,2145,1312,2590,3079,1665,2198,2378,4317,2877,2515,3156,1,6
2823,1965,2372,3500,1869,2188,1353,2618,3171,1702,2247,2404,4301,2891,2545,3232,1,6
2797,1942,2364,3488,2091,2189,1329,2596,3193,1696,2235,2398,4259,2868,2523,3266,1,6
2861,2023,2391,3541,1730,2277,1394,2681,3271,1778,2303,2441,4248,2891,2548,3276,1,6
2860,2019,2410,3529,1944,2265,1390,2668,3241,1757,2312,2448,4228,2876,2567,3330,1,6
2866,1997,2422,3539,1786,2265,1376,2680,3206,1766,2321,2460,4239,2904,2537,3287,1,6
2735,1897,2282,3424,1638,2072,1243,2523,2994,1599,2123,2295,4229,2809,2440,3196,1,6
2729,1853,2276,3412,1691,2085,1259,2531,2977,1610,2133,2316,4177,2806,2436,3207,1,6
2724,1859,2273,3383,1816,2077,1238,2528,3132,1623,2140,2315,4181,2791,2432,3137,1,6
2755,1872,2302,3439,1877,2072,1265,2525,3112,1603,2129,2295,4123,2764,2397,3133,1,6
2828,1928,2385,3503,1806,2224,1358,2666,3189,1744,2294,2442,4190,2846,2542,3203,1,6
2880,1982,2426,3527,1994,2258,1373,2713,3248,1767,2302,2459,4167,2849,2553,3138,1,6
2866,2002,2417,3526,1855,2263,1387,2682,3289,1784,2299,2452,4208,2879,2525,3211,1,6
3149,2294,2705,3911,2182,2590,1590,3020,3522,2010,2686,2795,4721,3260,2927,3716,1,7
3313,2416,2832,4090,2234,2702,1645,3159,3764,2105,2822,2917,4937,3393,3039,3884,1,7
3363,2432,2862,4120,2291,2699,1646,3152,3792,2075,2781,2894,4993,3402,3007,3886,1,7
3259,2421,2815,4019,2491,2353,1425,2769,2869,1847,2214,2431,3749,2597,2474,2704,1,7
2555,1894,2188,3079,1787,2151,1334,2512,2893,1740,2279,2348,3589,2534,2451,3010,1,7
2738,2145,2287,3510,1842,2180,1348,2478,3118,1612,2245,2238,3873,2574,2315,2886,1,7
2663,1915,2160,3133,1667,2027,1263,2410,2986,1568,2103,2212,3693,2510,2250,2794,1,7
2439,1712,2043,3050,1652,2030,1220,2318,2834,1486,1957,2025,3295,2254,2084,2571,1,7
2582,1764,2146,3232,1595,1978,1213,2363,3028,1539,2028,2163,4161,2716,2287,3152,1,7
2530,1708,2102,3180,1690,2031,1203,2334,2850,1531,2011,2075,3560,2412,2162,2814,1,7
2459,1699,2030,3103,1627,1874,1155,2223,3008,1454,1896,1993,4091,2610,2129,3024,1,7
2427,1628,2059,3136,1577,1860,1126,2248,2997,1481,1932,2046,4225,2669,2180,3159,1,7
2432,1635,1982,3108,1595,1806,1100,2192,3070,1424,1856,2016,4238,2670,2155,3127,1,7
756,685,656,927,849,772,506,732,759,617,721,733,865,646,684,674,2,0
745,686,628,906,621,766,497,753,754,618,710,745,866,903,714,987,2,0
437,438,367,508,557,514,331,413,470,382,439,408,457,317,348,385,2,0
427,407,351,514,379,511,346,450,471,396,447,398,455,324,371,391,2,0
396,415,341,489,507,494,319,421,501,399,429,394,417,304,351,397,2,0
691,549,481,621,445,428,324,440,400,383,405,380,476,327,361,424,2,0
402,401,366,527,610,494,331,426,495,383,428,386,435,336,356,366,2,0
413,419,378,537,605,537,349,440,529,406,457,407,470,341,369,338,2,0
12179,6657,9249,16937,5664,6342,3421,9094,13693,4854,6809,8183,30445,16691,10068,20732,2,1
12125,6605,9225,16875,5872,6321,3401,9074,13725,4845,6796,8165,30454,16664,10029,20689,2,1
12103,6636,9205,16863,5937,6330,3415,9059,13676,4813,6774,8137,30328,16626,10014,20735,2,1
12044,6584,9175,16767,5813,6296,3394,9011,13633,4813,6733,8106,30215,16542,9983,20580,2,1
12056,6570,9158,16756,5804,6287,3391,9004,13703,4807,6736,8111,30187,16521,9958,20580,2,1
12008,6571,9123,16719,5824,6266,3358,8969,13618,4790,6714,8077,30137,16482,9928,20555,2,1
11975,6493,9086,16626,5660,6243,3362,8926,13507,4763,6677,8038,30050,16424,9899,20463,2,1
11946,6520,9072,16629,5772,6233,3354,8929,13600,4750,6677,8034,30054,16442,9885,20430,2,1
11938,6469,9065,16624,5705,6215,3332,8908,13468,4747,6682,8022,29975,16385,9873,20444,2,1
12045,6560,9158,16785,5675,6306,3390,9023,13502,4810,6759,8126,30345,16602,9985,20658,2,1
12043,6540,9139,16760,5907,6288,3365,9000,13572,4793,6743,8096,30313,16560,9977,20503,2,1
12016,6502,9139,16757,5704,6276,3377,8980,13579,4792,6736,8108,30282,16546,9969,20551,2,1
12026,6534,9129,16745,5685,6276,3372,8979,13636,4785,6720,8070,30242,16521,9939,20604,2,1
12006,6556,9139,16706,5641,6279,3374,8983,13611,4795,6714,8095,30214,16520,9940,20557,2,1
2754,2280,2457,3286,2378,2615,1625,2646,2761,1985,2559,2444,3091,2343,2366,2574,2,2
2527,2048,2233,2980,2124,2506,1585,2545,2606,1939,2492,2362,2932,2210,2229,2426,2,2
2495,2074,2239,2970,2176,2528,1600,2554,2609,1946,2497,2392,2993,2272,2277,2497,2,2
2511,2081,2233,2979,1962,2536,1587,2558,2640,1988,2553,2443,3097,2350,2352,2647,2,2
2681,2197,2377,3199,2235,2682,1677,2687,2672,1945,2502,2394,3033,2291,2305,2466,2,2
2450,1998,2195,2943,2015,2463,1534,2522,2516,1885,2451,2327,2964,2252,2258,2468,2,2
2396,1955,2150,2859,1965,2385,1487,2449,2469,1824,2353,2244,2903,2186,2177,2373,2,2
2392,1934,2121,2844,2117,2355,1479,2412,2475,1802,2344,2243,2889,2173,2146,2324,2,2
2360,1779,2006,2902,1960,2044,1259,2239,2462,1580,2047,2052,3488,2367,2106,2845,2,2
2414,1774,2041,2966,1776,2068,1267,2275,2425,1592,2085,2078,3557,2426,2124,2758,2,2
2428,1825,2071,2994,1847,2080,1275,2298,2557,1597,2101,2103,3625,2452,2158,2757,2,2
2496,1852,2121,3072,1839,2152,1340,2384,2413,1650,2172,2181,3709,2525,2224,2852,2,2
2586,1918,2209,3165,2021,2205,1367,2424,2735,1687,2207,2216,3813,2590,2259,2938,2,2
2788,1824,2279,3530,1692,2065,1246,2472,3007,1615,2121,2226,4788,3039,2403,3611,2,3
2949,1796,2340,3778,1731,1966,1157,2417,3056,1516,2012,2195,5270,3233,2405,3917,2,3
2837,1775,2275,3673,1729,1963,1153,2434,3135,1516,1991,2196,5307,3239,2411,3853,2,3
2847,1740,2280,3672,1828,1976,1188,2445,3327,1546,2022,2202,5318,3243,2426,3921,2,3
2745,1748,2207,3556,1655,1906,1135,2358,3201,1486,1948,2121,5115,3128,2338,3724,2,3
2756,1737,2206,3564,1461,1918,1135,2355,3202,1484,1965,2134,5126,3142,2333,3675,2,3
2754,1688,2199,3537,1673,1910,1131,2355,3174,1503,1958,2115,5132,3128,2341,3743,2,3
2806,1736,2234,3735,1678,1977,1205,2356,2981,1532,1982,2152,5760,3399,2377,4097,2,3
2796,1761,2234,3717,1611,1972,1186,2353,3106,1537,1987,2141,5676,3338,2347,4087,2,3
2800,1802,2229,3699,1666,1985,1196,2339,3007,1542,2006,2123,5644,3332,2332,4059,2,3
2965,1884,2355,3899,1794,2033,1195,2488,3179,1608,2088,2252,5975,3544,2494,4279,2,3
3748,2284,2963,4985,2131,2409,1384,3076,4234,1850,2478,2769,7878,3823,2999,3864,2,4
3716,2294,2948,4975,2074,2388,1382,3074,4193,1851,2496,2783,8026,4678,3215,5756,2,4
3805,2287,3013,5076,2041,2404,1382,3119,4267,1878,2511,2807,8073,4701,3229,5717,2,4
3831,2303,3014,5129,2023,2397,1360,3130,4386,1857,2506,2800,8107,4725,3235,5832,2,4
3833,2300,3032,5126,2020,2386,1373,3143,4382,1872,2504,2828,8190,4763,3251,5901,2,4
3882,2317,3051,5184,2068,2412,1395,3173,4547,1863,2520,2847,8321,4813,3277,5874,2,4
3875,2371,3048,5204,2222,2407,1368,3160,4435,1862,2526,2841,8331,4822,3287,5971,2,4
3907,2344,3085,5209,2177,2413,1353,3150,4430,1862,2514,2830,8355,4830,3237,5975,2,4
3910,2323,3073,5238,2251,2429,1384,3168,4438,1863,2531,2848,8394,4857,3294,5909,2,4
3933,2318,3106,5256,2258,2432,1384,3187,4260,1864,2517,2839,8420,4877,3280,5993,2,4
3910,2288,3079,5226,2322,2418,1379,3172,4487,1875,2530,2842,8442,4869,3299,5972,2,4
5112,2821,3893,6901,2381,2825,1612,3976,5843,2171,2956,3532,11463,6549,4196,8052,2,5
5029,2841,3887,6934,2476,2834,1616,3933,5768,2169,2978,3550,11466,6516,4210,8060,2,5
5020,2812,3838,6799,2237,2800,1590,3936,5774,2155,2958,3521,11242,6411,4156,7945,2,5
5008,2785,3822,6781,2341,2804,1595,3922,5813,2152,2953,3515,11110,6403,4114,7902,2,5
5041,2806,3843,6886,2516,2817,1590,3936,5698,2161,2963,3524,11161,6399,4159,7884,2,5
5031,2752,3854,6833,2469,2796,1580,3931,5733,2172,2958,3518,11129,6364,4123,7784,2,5
5082,2759,3801,6874,2415,2803,1603,3949,5979,2176,2953,3544,10897,6421,4090,7848,2,5
5072,2760,3869,6839,2370,2795,1589,3957,5980,2158,2954,3539,11081,6343,4110,7798,2,5
5042,2818,3853,6812,2406,2795,1592,3933,5875,2139,2962,3518,11079,6332,4125,7810,2,5
2415,1733,2033,3006,1676,1987,1226,2312,3072,1518,1982,2102,3685,2495,2171,2714,2,6
2428,1708,2033,2999,1690,1921,1163,2251,2967,1461,1946,2054,3612,2441,2145,2670,2,6
2401,1680,1999,2951,1610,1889,1149,2234,2986,1456,1930,2052,3595,2420,2127,2635,2,6
2390,1686,1999,2945,1632,1883,1133,2240,2876,1456,1933,2055,3588,2433,2127,2607,2,6
2404,1699,2014,2955,1399,1895,1150,2233,2853,1455,1918,2039,3573,2426,2129,2627,2,6
2415,1719,2025,2961,1569,1908,1145,2259,2856,1474,1947,2074,3595,2469,2142,2706,2,6
2448,1714,2052,3012,1577,1895,1149,2282,3029,1468,1950,2085,3665,2474,2165,2764,2,6
2459,1723,2054,3010,1659,1910,1151,2291,3084,1466,1958,2088,3674,2491,2167,2718,2,6
2432,1717,2020,2976,1502,1893,1136,2264,3017,1478,1951,2074,3624,2453,2140,2711,2,6
2418,1657,2023,2971,1748,1879,1136,2230,3057,1448,1940,2055,3582,2415,2102,2697,2,6
2429,1712,2025,2978,1634,1875,1138,2234,2980,1447,1917,2055,3612,2440,2108,2705,2,6
2447,1633,2047,3019,1761,1932,1178,2275,3166,1485,1976,2086,3684,2470,2140,2702,2,6
2448,1704,2037,3006,1790,1939,1180,2297,3245,1509,1973,2100,3692,2495,2137,2804,2,6
2437,1681,2038,3065,1670,1924,1149,2302,3175,1487,1963,2089,3786,2552,2181,2898,2,6
2499,1733,2091,3077,1835,1988,1215,2342,3234,1558,2048,2145,3718,2523,2181,2831,2,6
6521,3575,4959,8692,3378,3477,1948,5033,7444,2687,3759,4555,14532,8276,5367,10321,2,7
6501,3544,4905,8477,3315,3465,1914,4928,7264,2681,3750,4537,14471,8232,5330,10252,2,7
6391,3495,4851,8605,3376,3407,1898,4948,7540,2632,3676,4445,14332,8154,5291,9753,2,7
6413,3469,4880,8627,3063,3425,1914,4948,7055,2661,3695,4471,14322,8115,5297,10067,2,7
6381,3455,4865,8634,2285,3469,1946,4971,6817,2716,3753,4478,14195,8061,5254,10035,2,7
6401,3457,4857,8582,3006,3432,1901,4937,7047,2649,3696,4454,14217,8070,5232,10038,2,7
6369,3478,4832,8563,2919,3414,1906,4936,7107,2665,3702,4449,14207,8045,5237,10012,2,7
6359,3463,4842,8573,3105,3418,1898,4930,7116,2651,3686,4444,14120,8017,5239,10007,2,7
6364,3459,4846,8444,3003,3398,1864,4839,6954,2579,3560,4311,13419,7701,5037,9507,2,7
6088,3310,4627,8137,2905,3330,1854,4747,6856,2559,3549,4274,13179,7559,4987,9412,2,7
6090,3324,4653,8166,3042,3342,1868,4758,6811,2591,3585,4291,13297,7616,5014,9403,2,7
6104,3328,4648,8185,2999,3327,1871,4763,6816,2599,3605,4322,13329,7624,5010,9514,2,7
6124,3301,4641,8189,2833,3337,1874,4763,6889,2597,3598,4297,13333,7626,5014,9487,2,7
6120,3315,4656,8194,2825,3358,1876,4775,6997,2596,3613,4313,13364,7639,5027,9555,2,7
1278,973,1056,1546,776,1182,844,1227,1379,831,1017,1057,1551,1087,1089,1207,3,0
1238,922,1059,1521,884,1199,841,1209,1310,839,1011,1037,1510,1069,1063,1158,3,0
1224,871,1029,1492,765,1189,849,1201,1371,841,1034,1058,1526,1073,1069,1190,3,0
1236,929,1028,1497,690,1195,857,1225,1457,847,1055,1057,1535,1084,1082,1212,3,0
1281,980,1077,1561,1052,1244,905,1226,1410,885,1071,1082,1556,1108,1090,1174,3,0
1276,943,1072,1532,949,1242,899,1229,1334,863,1073,1071,1508,1079,1067,1143,3,0
1236,941,1049,1510,865,1250,911,1227,1351,892,1082,1076,1499,1087,1095,1083,3,0
1223,955,1062,1483,825,1246,906,1219,1332,870,1091,1080,1485,1084,1085,1120,3,0
1204,920,1038,1456,918,1235,902,1205,1296,865,1073,1064,1462,1053,1062,1074,3,0
1043,820,915,1247,882,1167,862,1043,1327,834,1022,975,1267,932,980,975,3,0
1064,849,932,1278,865,1206,872,1081,1170,851,1034,997,1269,938,980,955,3,0
1091,901,965,1301,760,1227,905,1112,1266,877,1062,1033,1310,989,1019,933,3,0
13985,6564,10357,19568,5369,6064,3571,9148,9735,3641,5045,6000,18684,10161,6643,11214,3,1
12568,5866,9213,17368,5074,5568,3290,8428,9125,3421,4831,5820,18374,10362,7097,12350,3,1
12629,5932,9274,17473,5214,5544,3271,8429,9150,3424,4842,5832,18443,10397,7083,12365,3,1
12480,5854,9149,17250,5198,5520,3257,8340,8774,3382,4789,5745,18189,10247,6999,12225,3,1
12359,5822,9079,17083,5107,5466,3248,8304,8836,3380,4753,5733,18068,10196,6950,12174,3,1
12228,5747,8981,16938,5133,5442,3218,8205,8808,3356,4707,5675,17836,10075,6869,11921,3,1
12103,5657,8900,16746,4993,5365,3190,8125,8834,3314,4665,5607,17698,9976,6804,11905,3,1
13222,6141,9892,18887,5628,6076,3700,9529,10410,3899,5190,6430,20311,11588,7884,14138,3,1
14811,6776,10856,20573,6097,6542,3877,9946,10783,4029,5684,6821,21669,12138,8202,14499,3,1
15032,6918,10935,20764,5967,6545,3883,9927,10722,4016,5665,6832,21806,12286,8298,14792,3,1
15000,6887,10958,20722,6051,6545,3880,9961,10758,4031,5675,6830,21785,12294,8357,14488,3,1
15079,6875,10956,20799,5860,6537,3862,9951,10891,4027,5666,6836,21692,12102,8325,14655,3,1
14916,6871,10941,20768,6077,6557,3879,9965,10767,4045,5682,6853,21920,12326,8312,14776,3,1
15104,6895,10975,20742,6050,6574,3891,10057,10866,4043,5681,6847,21788,12289,8326,14805,3,1
11882,5398,8376,15527,4914,5270,3140,8365,9570,3615,5109,6394,20917,11706,7844,13756,3,2
13853,6350,10063,19126,5650,6084,3601,9289,10226,3853,5318,6276,19747,11000,7325,12840,3,2
10633,5048,8169,15735,4623,5332,3184,8152,8900,3353,4662,5546,17630,9990,6699,11770,3,2
12217,5606,8875,17101,5060,5458,3240,8233,9021,3457,4848,5783,18436,10393,7019,12346,3,2
12501,5703,9122,17451,5391,5568,3275,8376,9030,3442,4816,5704,17785,10244,6921,12402,3,2
12296,5605,8968,17129,5246,5418,3200,8177,8823,3502,4671,5758,17700,10198,6760,12102,3,2
11805,5352,8530,16180,4899,5166,3068,7832,8463,3255,4557,5435,17058,9601,6528,11411,3,2
11260,5179,8253,15695,4764,5114,3053,7734,8374,3221,4491,5358,16829,9543,6479,11433,3,2
13105,6117,9901,19239,5802,6165,3603,9405,10271,3724,5232,6278,19965,11280,7643,13612,3,2
14600,6641,10637,20089,5827,6370,3730,9734,10605,3929,5498,6606,20192,11615,7729,13247,3,2
13253,6051,9659,18297,5339,5844,3449,8842,9568,3611,5042,6056,19073,10793,7348,12851,3,2
13905,6290,10126,19280,5705,6090,3569,9235,10042,3754,5279,6354,20115,11346,7693,13576,3,2
14021,6418,10211,19254,5519,6102,3559,9411,10101,3779,5357,6433,20436,11396,7410,13031,3,2
15042,6845,10885,20561,5650,6563,3828,10076,10707,4030,5678,6858,22177,12315,8335,14935,3,3
15010,6908,10953,20593,5517,6547,3823,10031,10485,4026,5656,6826,22091,12263,8318,14793,3,3
14985,6899,10914,20557,5920,6525,3803,9931,10374,3973,5574,6735,21912,12071,8264,14780,3,3
14458,6641,10545,19935,5536,6306,3700,9597,10092,3896,5467,6608,21395,11897,8061,14511,3,3
14691,6774,10682,19580,5594,6369,3691,9741,10143,3878,5460,6651,21411,11952,8086,14459,3,3
14797,6810,10767,20309,5868,6433,3742,9891,10353,3935,5544,6684,21635,12026,8141,14620,3,3
14812,6795,10792,20457,5817,6461,3776,9852,10399,3954,5573,6767,21858,12130,8207,14720,3,3
14625,6724,10680,20162,5787,6434,3784,9862,10368,3943,5537,6691,21725,12071,8158,14508,3,3
14046,6461,10222,19315,5527,6177,3641,9549,10290,3903,5501,6676,21699,12046,8093,14441,3,3
14524,6610,10562,20005,5628,6329,3698,9644,10102,3891,5448,6584,21405,11878,8032,14318,3,3
14543,6637,10622,20114,5704,6359,3728,9746,10269,3910,5526,6686,21698,12003,8187,14459,3,3
14550,6650,10577,20088,5698,6309,3692,9654,10199,3887,5510,6638,21898,12070,8109,14330,3,3
14695,6659,10646,20068,5722,6299,3678,9579,10150,3864,5449,6560,21288,11831,7980,14298,3,3
14360,6604,10466,19766,5768,6266,3661,9651,10138,3894,5496,6662,21609,12035,8164,14503,3,3
14956,6893,10908,20493,5781,6604,3837,10065,10678,4009,5616,6763,21662,12123,8195,14733,3,4
14895,6888,10846,20463,5794,6513,3778,9962,10627,3905,5492,6641,21171,11837,8029,14308,3,4
14293,6622,10458,19754,5823,6381,3741,9971,10706,3960,5551,6650,20981,11716,7972,14060,3,4
14710,6703,10540,20147,5942,6419,3745,9736,10356,3882,5412,6542,20882,11710,8005,14320,3,4
14610,6833,10567,19767,5389,5764,3317,8580,9126,3504,4865,5793,18280,10326,7102,12407,3,4
14747,6865,10842,20176,5920,6501,3783,9997,10603,3977,5593,6730,21438,11993,8076,14411,3,4
14734,6845,10851,20242,5913,6508,3799,10100,10672,3968,5575,6735,21566,12111,8194,14533,3,4
14553,6758,10701,20168,5871,6444,3767,9921,10593,3918,5547,6760,21278,11951,8085,14191,3,4
14097,6454,10269,19789,5741,6396,3722,9799,10519,3896,5486,6660,20837,11744,7977,14247,3,4
14627,6749,10817,20333,5879,6513,3819,9945,10661,4006,5548,6689,21444,11990,8107,14445,3,4
14782,6846,10864,20225,6015,6364,3637,9521,10366,3892,5544,6760,21575,11894,7771,13321,3,4
14742,6785,10797,20120,5557,6494,3768,10219,10805,3910,5501,6609,20991,11850,7974,14207,3,4
15118,7121,11077,20264,6161,6674,3891,10735,11406,4059,5763,7083,21438,12225,8444,14653,3,5
14931,7018,11026,20256,6013,6626,3848,10519,11242,4045,5728,7011,21780,12366,8402,14833,3,5
15057,6973,11072,20545,6301,6641,3891,10357,11124,4053,5737,6950,21860,12359,8456,14867,3,5
15032,7019,11036,20409,5762,6621,3855,10305,10953,4039,5721,6995,21381,12161,8481,14436,3,5
15002,6997,11015,20485,5692,6567,3837,10176,10908,4020,5695,6895,21807,12278,8426,14712,3,5
14952,7016,11066,20325,6007,6602,3835,10362,11071,4027,5699,6898,21917,12356,8415,14821,3,5
15012,6995,11033,20403,6025,6605,3832,10539,11239,4016,5708,7009,21389,12232,8436,14573,3,5
14932,6950,10970,20636,5816,6611,3834,10152,10859,4050,5708,6946,21775,12311,8410,14755,3,5
15043,6919,10998,20628,5799,6586,3833,10223,10970,4020,5698,6916,21765,12282,8388,14771,3,5
15012,6994,10996,20465,5918,6584,3822,10375,11072,4000,5695,6940,21642,12262,8384,14766,3,5
14979,6969,11000,20498,5932,6582,3795,10282,10921,3995,5711,6902,21712,12263,8381,14767,3,5
14989,6960,10988,20416,6024,6593,3820,10426,11069,4022,5719,6954,21459,12225,8403,14649,3,5
15028,6993,10972,20445,5971,6595,3847,10368,11147,4034,5713,6960,21604,12249,8385,14745,3,5
15019,6931,10980,20476,6059,6606,3836,10545,11142,3995,5694,6965,21493,12244,8384,14692,3,5
14980,6934,10981,20358,6081,6587,3824,10435,11165,4011,5722,7013,21045,12084,8411,14455,3,5
15437,7061,11205,20871,6192,6777,3911,11094,11897,4101,5888,7253,21607,12350,8532,14983,3,6
15427,7029,11173,20998,6173,6741,3913,11013,11883,4087,5864,7215,21616,12359,8514,15093,3,6
15271,7076,11120,20128,6328,6684,3865,10552,11194,4003,5655,6982,21254,12022,8323,14531,3,6
15425,7055,11183,20912,6281,6725,3898,10686,11449,4126,5867,7162,21811,12350,8496,15000,3,6
15270,7058,11143,20858,6360,6716,3915,10553,11308,4085,5856,7166,20806,12004,8470,14968,3,6
15364,6987,11115,20963,6304,6719,3910,10677,11433,4079,5840,7167,21140,12179,8487,14815,3,6
15334,7025,11158,20727,6356,6716,3881,10809,11657,4071,5861,7223,21178,12228,8470,14938,3,6
15366,6970,11124,20961,6441,6707,3916,10547,11496,4081,5852,7179,21251,12177,8530,14689,3,6
15265,7030,11048,20244,6268,6691,3865,10667,11520,4075,5827,7085,21859,12327,8442,15080,3,6
15262,7044,11118,20316,6399,6704,3874,10662,11391,4073,5836,7097,21850,12311,8478,14958,3,6
15238,7040,11119,20794,6220,6704,3898,10504,11240,4083,5827,7099,21619,12206,8471,14874,3,6
15315,6952,11075,20815,6245,6692,3842,10857,11769,4045,5830,7208,21333,12234,8425,15020,3,6
15271,6934,11099,20657,6532,6690,3835,11062,11892,4065,5829,7140,21632,12321,8424,15027,3,6
15346,6907,11092,20851,6328,6692,3890,10508,11290,4075,5810,7062,21905,12339,8406,15120,3,6
15350,6933,11084,20908,6463,6709,3897,10834,11642,4052,5822,7182,21426,12263,8437,15035,3,6
15467,7269,11243,20516,6466,6865,3945,11039,12005,4140,5914,7226,21601,12268,8547,15074,3,7
15255,7155,11159,20210,6368,6816,3917,11017,11851,4091,5920,7229,21617,12287,8582,15107,3,7
15096,7006,10992,20457,6288,6655,3862,10655,11404,4017,5715,7002,20512,11818,8281,14516,3,7
14852,6805,10749,20212,6136,6537,3746,10615,11516,3953,5660,6967,20861,11963,8215,14707,3,7
14847,6877,10813,20121,6262,6583,3783,10503,11313,3981,5718,6993,20684,11914,8491,14679,3,7
15114,7055,10915,19980,6119,6584,3724,10368,11065,3952,5644,6863,20421,11607,8189,14222,3,7
14581,6776,10612,19325,6225,6515,3736,10336,11054,3953,5625,6831,20536,11649,8102,14364,3,7
15322,7174,11164,20540,6368,6732,3847,10601,11242,4001,5706,6988,21357,12304,8537,14903,3,7
15244,7028,11008,20564,6151,6708,3862,10541,11360,4047,5827,7117,21391,12117,8426,14844,3,7
15397,7057,11157,20753,6465,6782,3880,11168,12026,4086,5880,7283,21229,12213,8524,15094,3,7
15317,7121,11143,20577,6262,6774,3877,10847,11787,4106,5886,7175,21246,12195,8514,14791,3,7
15443,7047,11183,20471,6490,6765,3864,11273,11914,4087,5875,7169,21779,12288,8491,15063,3,7
15370,7071,11151,20869,6263,6742,3868,10960,11786,4046,5872,7326,20609,12104,8525,15019,3,7
15339,7130,11184,20397,6388,6794,3893,10925,11725,4118,5894,7176,21599,12255,8539,14900,3,7
1816,1333,1554,2153,1252,1768,1301,1753,1795,1276,1575,1603,2190,1625,1594,1789,4,0
1970,1424,1733,2355,1494,1885,1390,1939,2029,1386,1693,1733,2366,1759,1729,1931,4,0
2118,1489,1822,2451,1359,1961,1449,1982,2100,1432,1722,1771,2559,1857,1784,2046,4,0
1913,1415,1633,2232,1412,1794,1318,1768,1859,1307,1579,1587,2251,1648,1609,1821,4,0
1969,1368,1671,2291,1291,1810,1350,1820,1824,1331,1592,1622,2349,1709,1638,1814,4,0
2109,1499,1792,2493,1527,1960,1491,2014,2091,1469,1767,1817,2626,1932,1868,2104,4,0
2244,1628,1931,2661,1509,2105,1602,2150,2229,1584,1890,1922,2744,2012,1975,2173,4,0
2310,1730,1990,2733,1651,2156,1607,2189,2198,1583,1912,1963,2783,2046,1983,2227,4,0
1876,1481,1671,2234,1443,1901,1420,1895,1986,1400,1680,1732,2254,1686,1741,1813,4,0
1900,1473,1657,2225,1278,1853,1370,1882,2094,1363,1666,1707,2259,1699,1742,1876,4,0
1935,1469,1690,2280,1357,1868,1366,1902,1994,1379,1691,1734,2294,1731,1763,1848,4,0
1973,1485,1726,2325,1364,1908,1393,1931,2114,1384,1705,1751,2329,1730,1776,1834,4,0
2041,1628,1724,2455,1901,2350,1682,2168,2128,1651,2131,2030,2477,1911,1940,2059,4,1
2223,1753,1959,2517,1759,2442,1706,2255,2297,1728,2227,2136,2601,1986,2008,2238,4,1
2177,1708,1956,2492,1862,3014,2286,2529,2434,1947,2324,2051,2399,1850,1881,1990,4,1
2049,1666,1860,2372,1766,2355,1757,2093,1944,1672,2113,1955,2415,1848,1880,1953,4,1
2030,1636,1829,2330,1735,2323,1769,2042,1904,1683,2038,1874,2303,1794,1818,1872,4,1
2053,1607,1815,2354,1644,2205,1631,2076,2026,1624,2075,1996,2499,1972,1970,2081,4,1
2171,1652,1916,2459,1766,2309,1646,2130,1948,1613,2096,1993,2478,1927,1916,2016,4,1
2075,1604,1851,2413,1817,2228,1565,2074,1984,1532,1966,1886,2417,1840,1805,1920,4,1
2347,1600,2129,2712,1272,2493,1734,2305,1691,1738,2284,2188,2776,2141,2100,1993,4,1
2736,2250,2450,3243,2340,3028,2283,2804,2706,2152,2565,2458,3128,2358,2437,2505,4,2
2733,2210,2408,3208,2176,2947,2202,2717,2844,2153,2599,2504,3165,2414,2476,2501,4,2
2740,2223,2387,3197,2133,2915,2210,2768,2898,2146,2643,2550,3020,1921,2017,2167,4,2
2145,1689,1810,2523,1621,2184,1638,2080,2182,1585,1914,1892,2530,1828,1847,2099,4,2
1969,1602,1722,2334,1732,2150,1641,1967,2156,1590,1915,1828,2295,1706,1759,1846,4,2
1927,1573,1693,2269,1513,2167,1628,1951,2106,1590,1920,1819,2247,1685,1770,1779,4,2
1865,1565,1650,2215,1655,2172,1647,1921,2063,1599,1896,1800,2227,1654,1722,1852,4,2
1864,1486,1644,2247,1424,2149,1677,2556,2653,1871,2384,2371,3340,2421,2307,2693,4,2
2857,2076,2454,3405,2010,2789,1959,2713,2686,1938,2480,2457,3444,2524,2424,2731,4,2
2820,2121,2405,3326,2212,2838,1979,2721,2524,1980,2553,2480,3400,2471,2414,2675,4,2
2830,2097,2437,3343,2115,2852,1994,2724,2851,1994,2557,2458,3381,2467,2405,2770,4,2
2844,2153,2465,3359,2185,2873,2017,2758,2854,1999,2578,2525,3383,2518,2432,2716,4,2
2249,1764,1947,2637,1923,2449,1826,2278,2330,1840,2275,2101,2809,2073,2081,2186,4,3
2364,1855,2054,2805,1999,2519,1846,2317,2515,1845,2269,2132,2807,2072,2106,2212,4,3
2305,1780,1988,2730,1944,2539,1854,2316,2318,1833,2251,2073,2708,2003,2054,2210,4,3
2217,1727,1956,2623,1853,2459,1846,2251,2337,1847,2233,2073,2708,2020,2087,2189,4,3
2356,1913,2081,2808,2102,2614,1971,2376,2338,1952,2319,2142,2776,2083,2144,2227,4,3
1901,1580,1693,2271,1771,2217,1655,1988,2078,1610,1970,1842,2310,1747,1842,1889,4,3
2016,1613,1777,2373,1764,2343,1795,2040,1936,1759,2087,1890,2350,1790,1867,1845,4,3
1991,1650,1767,2377,2070,2361,1832,2043,1975,1772,2113,1899,2373,1797,1881,1842,4,3
1978,1589,1754,2327,1798,2289,1781,2006,2102,1760,2060,1843,2326,1747,1818,1838,4,3
1886,1531,1688,2228,1909,2246,1733,1945,1890,1701,2001,1804,2228,1683,1797,1785,4,3
1858,1518,1641,2198,1800,2229,1722,1876,1921,1677,1975,1748,2143,1618,1731,1709,4,3
14173,6374,9923,18967,5660,6413,3936,9576,10464,4111,5596,6679,20129,11261,7756,14029,4,4
13843,6302,9776,18356,5650,6255,3796,9491,10343,3956,5419,6464,19627,10909,7565,13528,4,4
13542,6068,9508,17798,5287,6046,3704,9087,10005,3824,5252,6264,18695,10491,7256,13032,4,4
13197,5935,9235,17473,5328,5974,3661,8959,9787,3804,5197,6162,18805,10483,7218,13050,4,4
13146,5976,9257,17244,5514,5977,3660,9094,9914,3801,5209,6208,18307,10306,7236,12834,4,4
13023,5940,9160,17384,5294,5945,3643,9066,9912,3753,5178,6201,18259,10314,7182,12885,4,4
12745,5807,8981,16942,5134,5838,3570,8734,9870,3694,5042,6088,17923,10158,7054,12681,4,4
12491,5689,8847,16497,5257,5728,3498,8713,9460,3673,5004,5957,17771,9976,6938,12417,4,4
12235,5602,8641,16222,4952,5653,3471,8488,9287,3611,4918,5835,17301,9749,6801,12104,4,4
12056,5506,8503,16029,5191,5563,3434,8291,9117,3563,4844,5664,16981,9558,6662,11798,4,4
11801,5413,8345,15628,4962,5406,3317,8206,9030,3481,4762,5641,16701,9376,6534,11563,4,4
11190,5132,7925,14812,4665,5153,3169,7806,8565,3323,4502,5366,15718,8985,6253,11153,4,4
15810,7052,11067,21315,6345,7081,4226,10844,11920,4363,6125,7387,22535,12506,8579,15800,4,5
15706,6968,11043,20928,6203,6993,4124,10908,11960,4299,6021,7274,21928,12226,8256,15327,4,5
15808,6990,10973,21206,6112,7040,4234,10623,11804,4393,6119,7341,22749,12433,8499,15679,4,5
15727,6929,10927,21079,6037,6899,4035,10680,11900,4267,6012,7203,22243,12341,8341,15486,4,5
15653,6859,10831,20968,6027,6954,4149,10538,11844,4267,5974,7220,21857,12171,8280,15112,4,5
13214,5918,9645,20454,5824,6803,4059,10183,11364,4200,5844,6991,22242,12247,7798,14884,4,5
15495,6889,10839,20862,6012,6917,4115,10337,11637,4207,5860,7062,21879,12072,8184,15168,4,5
15376,6761,10703,20424,5729,6846,4093,10305,11418,4230,5871,7080,22054,12140,8255,15433,4,5
15116,6659,10560,20348,5833,6761,4046,10131,11318,4203,5847,6988,21898,12059,8166,14959,4,5
15158,6650,10526,20207,5826,6717,4002,10136,11413,4160,5808,6953,21632,11913,8024,14869,4,5
15035,6581,10375,20275,5743,6747,4061,10358,11629,4221,5907,7136,21907,12192,8257,15164,4,5
14539,6472,10177,19786,5819,6691,4015,10144,11380,4184,5828,6943,21081,11452,7664,14287,4,5
16707,7334,11568,22352,6296,7342,4371,11261,12536,4576,6405,7673,23413,12883,8902,16280,4,6
15911,7232,11510,22187,6536,7294,4380,11116,12496,4554,6374,7641,23310,12187,8327,14918,4,6
16165,7143,11268,21479,6356,7158,4273,11256,12515,4573,6382,7613,23199,12758,8811,16256,4,6
16012,7181,11553,22279,6643,7331,4363,11037,12234,4545,6350,7587,23283,12781,8688,16274,4,6
16518,7189,11367,21963,6370,7265,4344,11285,12539,4531,6328,7633,23058,12806,8846,16280,4,6
16516,7273,11543,22223,6483,7351,4391,11260,12503,4511,6329,7623,22898,12731,8783,16108,4,6
16490,7267,11509,22221,5594,7380,4451,11276,11741,4647,6474,7724,23518,12967,8903,16004,4,6
15263,6609,10958,21424,5543,7190,3966,10072,10877,4210,6129,7341,22434,12330,8381,15166,4,6
16521,7182,11426,21961,5843,7306,4389,11110,12388,4579,6388,7653,23190,12745,8739,15975,4,6
16253,6854,11270,21637,6137,7290,4382,11267,12491,4561,6365,7659,23113,12794,8764,16109,4,6
15987,6966,11049,21353,6079,7100,4265,10794,11978,4426,6184,7427,22642,12549,8597,15830,4,6
15877,6761,10683,20265,5544,6833,4170,10394,11063,4282,5948,7284,22523,12708,8773,15968,4,6
16181,7092,11247,21482,6275,7192,4306,11156,12464,4543,6350,7602,23302,12870,8792,16283,4,6
16004,7258,11441,21276,6720,7220,4308,11254,12339,4518,6311,7710,21900,12579,8751,15414,4,7
16069,7283,11490,21379,6523,7277,4325,11615,12641,4544,6380,7778,22637,12872,8910,15978,4,7
16192,7333,11594,21529,6826,7333,4362,11412,12577,4560,6363,7708,22797,12947,8876,15914,4,7
16289,7284,11578,21579,6634,7297,4321,11682,12802,4540,6360,7809,22346,12842,8895,15933,4,7
16047,7245,11425,21163,6636,7124,4253,10949,12080,4395,6142,7392,22033,12614,8538,15423,4,7
15484,7042,11070,20657,6462,7019,4201,10777,11897,4350,6073,7358,22154,12533,8537,15451,4,7
15871,7132,11333,20838,6820,6920,4103,10785,12278,4373,6297,7677,22963,13058,8909,16124,4,7
16267,7332,11637,21806,6899,7334,4370,11229,12492,4519,6311,7622,22939,12998,8848,16126,4,7
15949,7255,11433,21247,6911,7221,4300,11189,12458,4459,6246,7540,22348,12700,8669,15750,4,7
15995,7191,11415,21334,6814,7133,4230,11004,12125,4422,6242,7579,22765,12907,8768,15756,4,7
15797,7230,11324,21244,6799,7213,4295,11290,12535,4502,6313,7643,22846,12965,8810,16057,4,7
15917,7205,11519,21710,6773,7185,4068,10830,12269,4274,6121,7669,22003,12742,8775,15779,4,7
15912,7180,11373,20805,6790,7131,4228,11517,12639,4425,6210,7571,22147,12714,8751,15837,4,7
16241,7270,11576,21612,6951,7229,4286,11353,12643,4481,6311,7644,22811,12957,8820,16071,4,7
16206,7322,11496,21613,6826,7297,4350,11236,12499,4529,6320,7641,22920,13001,8837,15971,4,7
3331,1609,2408,4455,1414,1693,1047,2383,2704,1087,1445,1674,4643,2646,1857,3254,5,0
3239,1560,2328,4263,1520,1628,1001,2274,2641,1032,1358,1615,4451,2546,1798,3135,5,0
3129,1662,2326,4060,1486,1823,1258,2388,2616,1241,1589,1790,4244,2582,1976,2991,5,0
3107,1706,2355,3986,1554,1899,1318,2371,2731,1311,1652,1809,4132,2508,1975,2910,5,0
3038,1681,2300,3899,1626,1957,1369,2340,2744,1362,1688,1812,3915,2459,1954,2919,5,0
2934,1702,2254,3771,1758,1983,1406,2297,2588,1449,1802,1894,3929,2464,1979,2856,5,0
2935,1734,2289,3738,1812,2080,1461,2343,2629,1456,1798,1869,3838,2415,1965,2757,5,0
2855,1712,2243,3637,1881,2138,1488,2331,2689,1473,1850,1894,3757,2402,1980,2720,5,0
2153,1486,1796,2636,1418,1845,1252,1969,1907,1226,1617,1647,2613,1795,1662,1955,5,1
2016,1369,1658,2427,1382,1738,1196,1849,1810,1182,1567,1602,2475,1734,1617,1830,5,1
1896,1304,1587,2302,1404,1665,1187,1776,1846,1129,1525,1561,2360,1704,1539,1830,5,1
1879,1326,1573,2289,1248,1645,1143,1735,1759,1133,1499,1523,2359,1659,1571,1925,5,1
1904,1368,1619,2353,1197,1762,1213,1829,1903,1208,1559,1582,2397,1710,1552,1880,5,1
1998,1384,1663,2420,1251,1755,1228,1829,1777,1194,1556,1588,2463,1723,1592,1954,5,1
1981,1370,1667,2407,1391,1753,1231,1823,1796,1205,1574,1614,2522,1750,1588,1947,5,1
2003,1382,1646,2462,1241,1755,1227,1855,1985,1203,1578,1614,2562,1793,1607,1940,5,1
2072,1373,1709,2527,1330,1806,1249,1904,1973,1228,1620,1654,2649,1833,1663,2168,5,1
2122,1386,1748,2571,1374,1810,1270,1918,1929,1235,1625,1660,2664,1830,1649,2085,5,1
2150,1447,1772,2604,1342,1836,1282,1927,2086,1254,1651,1674,2702,1864,1684,2116,5,1
2144,1416,1766,2616,1426,1814,1257,1921,2043,1241,1625,1652,2697,1853,1663,2136,5,1
3378,2675,2974,3897,2851,3548,2593,3386,3604,2511,3193,3104,3941,3017,2991,3236,5,2
3342,2622,2946,3851,2726,3556,2618,3332,3514,2529,3164,3065,3900,2992,2998,3318,5,2
3301,2562,2886,3810,2535,3483,2569,3298,3432,2493,3125,3029,3815,2942,2939,3159,5,2
3530,2598,2909,3579,2192,2737,2043,2718,2930,1993,2428,2385,3436,2487,2388,2710,5,2
2894,2128,2500,3491,2369,3119,2267,2999,3232,2229,2804,2736,3515,2681,2515,2619,5,2
2538,1944,2213,2928,2048,2583,1860,2509,2699,1908,2441,2335,2979,2273,2248,2514,5,2
2545,1966,2238,2931,2076,2681,1965,2556,2801,1922,2429,2341,2952,2262,2229,2442,5,2
2360,1812,2068,2676,1961,2504,1827,2320,2600,1748,2226,2144,2636,2007,1890,2041,5,2
1908,1440,1650,2315,1468,1946,1402,1865,1960,1364,1725,1685,2298,1663,1644,1884,5,3
1832,1355,1584,2187,1370,1909,1378,1823,1918,1331,1676,1675,2188,1606,1601,1812,5,3
1733,1372,1510,2092,1386,1833,1321,1734,1812,1271,1625,1605,2106,1552,1571,1803,5,3
1737,1357,1521,2065,1448,1872,1336,1747,1726,1324,1682,1628,2077,1567,1601,1787,5,3
1846,1464,1626,2157,1563,1996,1433,1877,1868,1421,1816,1755,2202,1681,1695,1844,5,3
1909,1547,1688,2256,1710,2125,1518,1973,2030,1463,1893,1817,2287,1751,1768,1942,5,3
1996,1559,1735,2337,1539,2134,1547,1965,1995,1503,1883,1815,2336,1741,1759,1970,5,3
1989,1570,1730,2333,1768,2145,1557,1986,1920,1503,1892,1818,2296,1731,1764,1943,5,3
1949,1545,1712,2295,1651,2150,1563,1957,2047,1493,1925,1831,2282,1735,1774,2000,5,3
1933,1503,1711,2277,1521,2094,1499,1954,2114,1456,1856,1787,2235,1702,1696,1768,5,3
1787,1400,1587,2128,1434,1943,1388,1824,1976,1390,1770,1717,2134,1623,1643,1874,5,3
1915,1483,1686,2234,1447,2069,1483,1973,1912,1449,1891,1826,2279,1730,1735,1920,5,3
1944,1555,1759,2411,1816,2220,1559,2012,2114,1492,1926,1886,2339,1789,1803,1981,5,3
15532,6798,10723,20616,6146,6776,3988,10617,11638,4160,5834,7067,21009,11735,8068,14856,5,4
15310,6734,10629,20407,5999,6738,3889,10755,11790,4126,5814,7070,21081,11716,8100,14975,5,4
15414,6734,10613,20419,6112,6751,3982,10496,11551,4162,5805,7010,21045,11751,8061,14889,5,4
15263,6668,10598,20244,5991,6701,3952,10548,11600,4132,5788,6976,21019,11740,8015,14812,5,4
15149,6597,10513,19970,6011,6611,3860,10494,11367,4072,5743,6953,20786,11570,7945,14696,5,4
15163,6554,10415,20104,5994,6602,3891,10353,11408,4035,5667,6874,20507,11464,7872,14436,5,4
15010,6556,10407,19797,6150,6592,3900,10273,11357,4073,5700,6858,20862,11547,7892,14531,5,4
14904,6467,10377,19601,6140,6533,3810,10491,11473,4012,5655,6848,20493,11495,7889,14528,5,4
15023,6482,10311,19707,5966,6510,3799,10406,11406,3987,5604,6828,20078,11281,7785,14272,5,4
14891,6466,10280,19722,5989,6523,3825,10256,11274,3979,5595,6810,19988,11242,7737,14187,5,4
14832,6487,10237,19650,5903,6500,3810,10190,11230,3963,5580,6767,20135,11282,7731,14273,5,4
14692,6446,10217,19460,5789,6500,3834,10036,10989,4002,5588,6753,20297,11305,7691,14215,5,4
14716,6409,10146,19410,5923,6443,3780,10216,11376,3921,5534,6719,19992,11254,7725,14212,5,4
14656,6414,10142,19360,5591,6410,3788,10014,11045,3930,5529,6679,19952,11150,7633,14080,5,4
16967,7421,11612,22437,6569,7347,4405,11329,12341,4534,6330,7626,22668,12608,8700,16020,5,5
17329,7532,11951,22974,6716,7584,4538,11712,12692,4676,6517,7850,23508,13061,8968,16584,5,5
16995,7477,11797,22590,6625,7489,4456,11720,12853,4707,6569,7908,23864,13208,9028,16752,5,5
16818,7395,11661,22224,6737,7340,4347,11631,12677,4509,6381,7710,23001,12833,8834,16340,5,5
16800,7254,11452,21934,6711,7320,4385,11300,12562,4549,6404,7621,23198,12805,8802,16430,5,5
17184,7427,11841,22758,6769,7517,4490,11655,12720,4647,6501,7817,23719,13128,8973,16729,5,5
17207,7465,11843,22760,6798,7552,4548,11623,12778,4693,6530,7857,23600,13129,8984,16671,5,5
17172,7454,11818,22757,6755,7517,4501,11633,12755,4633,6494,7799,23704,13126,8980,16720,5,5
17173,7492,11828,22735,6457,7520,4492,11647,12783,4640,6508,7820,23665,13144,8969,16756,5,5
17191,7432,11810,22741,6687,7452,4490,11622,12795,4602,6461,7741,23465,12990,8882,16454,5,5
16860,7307,11615,22403,6639,7331,4406,11469,12422,4616,6426,7756,23458,13048,8924,16670,5,5
16815,7294,11606,22285,6597,7400,4434,11470,12579,4599,6426,7726,23231,12930,8831,16443,5,5
16992,7362,11706,22494,6678,7467,4480,11568,12568,4660,6491,7822,23483,13089,8953,16639,5,5
17103,7672,12113,22757,7179,7669,4632,11761,13132,4810,6696,8026,24012,13530,9255,16893,5,6
16942,7650,11941,22315,7186,7592,4512,11816,12800,4644,6466,7820,22975,13101,8963,16471,5,6
16761,7482,11716,22262,6941,7485,4452,11547,12801,4666,6585,8075,23074,13185,9127,16270,5,6
16968,7574,11874,21982,6944,7362,4317,11758,12666,4528,6357,7903,23026,13124,9083,16339,5,6
17012,7626,12009,22369,7168,7571,4482,12101,13262,4642,6545,8037,23177,13186,9102,16540,5,6
16995,7666,12034,22546,6951,7597,4526,11798,12993,4690,6570,7990,23521,13370,9145,16599,5,6
17068,7660,12039,22600,7135,7596,4525,11777,12890,4683,6572,7969,23566,13363,9105,16549,5,6
16947,7622,12016,22699,7237,7535,4483,11710,12735,4668,6545,7857,23468,13278,9109,16485,5,6
17035,7584,11971,22553,6907,7464,4360,11840,12662,4579,6469,7921,23278,13242,9047,16597,5,6
16898,7595,11967,22414,6953,7546,4510,11703,12810,4665,6548,7908,23492,13306,9049,16499,5,6
16621,7434,11724,22035,6762,7411,4446,11535,12634,4629,6484,7851,23228,13181,9005,16419,5,6
16237,7285,11638,21889,6738,7377,4399,11589,12532,4566,6427,7811,22936,13016,8891,16240,5,6
16965,7536,11762,21799,6735,7357,4350,11459,12464,4517,6350,7671,22916,12950,8767,16108,5,6
16824,7510,11782,22177,6848,7437,4450,11557,12865,4686,6586,7969,23522,13298,9076,16250,5,6
16679,7488,11835,22013,6874,7468,4452,11842,12826,4668,6575,7913,23614,13301,9022,16422,5,6
17076,7532,12020,22548,6998,7591,4468,12165,13156,4639,6517,8033,23061,13062,9073,16318,5,7
17024,7516,11941,22373,7044,7543,4463,12165,13213,4670,6558,8012,23218,13110,9082,16414,5,7
17097,7582,11923,22571,6819,7549,4455,12122,13277,4597,6489,8021,22650,12908,8988,16139,5,7
16947,7427,11835,22515,6832,7418,4384,11702,12840,4575,6467,7999,22619,12908,9004,16055,5,7
16963,7539,11888,22189,7110,7526,4394,12044,13079,4628,6478,7927,23008,12995,8976,16274,5,7
16865,7525,11904,22118,7337,7498,4366,12022,12933,4555,6452,7854,23036,12998,8976,16035,5,7
16935,7499,11893,22283,7247,7515,4398,12250,13377,4532,6419,7943,22537,12812,8953,16058,5,7
16851,7441,11817,22372,6939,7476,4434,11736,12981,4588,6463,7941,22780,12883,8976,16040,5,7
16472,7347,11647,21639,7059,7435,4423,11959,12965,4526,6375,7805,22698,12940,8875,15853,5,7
16465,7304,11722,21931,6768,7395,4335,11978,13009,4503,6358,7784,22431,12665,8662,15686,5,7
16855,7458,11828,22057,6999,7490,4414,12167,13208,4600,6458,7923,22952,12982,8945,16175,5,7
16945,7287,11935,22232,5739,7544,4428,12262,12673,4610,6487,7959,22917,13043,8991,16125,5,7
16941,7403,11895,22505,6323,7504,4441,11752,12617,4601,6468,7915,22904,12940,8976,16032,5,7
16816,7418,11864,22129,6716,7471,4388,12079,13046,4561,6446,7946,22765,12923,8946,16103,5,7
2561,1965,2232,3072,1984,2571,1794,2536,2677,1767,2277,2268,3075,2253,2249,2384,6,0
2563,1993,2252,3022,2222,2610,1832,2518,2701,1780,2315,2261,2988,2242,2281,2403,6,0
2291,1798,2025,2733,1980,2389,1694,2302,2435,1627,2080,2026,2643,2005,2037,2197,6,0
2128,1761,1891,2498,1882,2281,1643,2158,2229,1592,2012,1963,2528,1916,1997,2012,6,0
2093,1808,1874,2456,2032,2283,1700,2115,2151,1638,1979,1906,2442,1881,1979,1991,6,0
2020,1758,1819,2410,1955,2237,1674,2052,2091,1595,1905,1850,2384,1824,1951,1862,6,0
1954,1719,1727,2264,1866,2110,1602,1963,2030,1547,1868,1801,2304,1774,1908,1796,6,0
1886,1659,1704,2251,1662,2165,1682,1946,2029,1619,1884,1791,2289,1725,1831,1796,6,0
1848,1621,1666,2184,1619,2085,1631,1863,1817,1526,1770,1687,2195,1673,1792,1690,6,0
1798,1628,1649,2170,1586,2138,1707,1905,1889,1589,1828,1734,2150,1652,1830,1671,6,0
5355,4161,4761,6171,4154,5359,3731,5310,5532,3650,4871,4824,6262,4855,4728,5227,6,1
5465,4279,4850,6299,4055,5467,3824,5427,5633,3760,4960,4888,6357,4925,4808,5264,6,1
5088,4046,4534,5868,3997,5244,3648,5015,5313,3565,4695,4646,5909,4581,4519,4931,6,1
4002,3165,3569,4601,3241,4244,2970,3949,4083,2910,3807,3679,4584,3547,3523,3867,6,1
3948,3156,3521,4560,3137,4297,3036,4005,4320,2992,3886,3757,4672,3623,3616,3938,6,1
4015,3214,3578,4653,3265,4330,3077,4045,4293,3027,3906,3787,4739,3658,3646,4119,6,1
3874,3064,3440,4488,3021,4115,2866,3863,4092,2791,3674,3575,4533,3498,3461,3776,6,1
3641,2919,3233,4208,2760,3853,2672,3592,3817,2584,3427,3331,4216,3247,3236,3502,6,1
3449,2884,3276,4337,2817,3896,2909,4522,5035,3607,4618,4505,5813,4601,4587,4980,6,1
4116,3251,3649,4773,3090,4284,2979,4071,4283,2893,3814,3717,4781,3669,3657,4044,6,1
4038,3212,3622,4727,3185,4264,2980,4057,4190,2893,3890,3701,4673,3628,3594,4021,6,1
16369,7222,11415,21943,6924,7305,4383,11019,12226,4576,6347,7589,23586,13047,8852,16451,6,2
16280,7183,11356,21829,6660,7243,4320,10904,12001,4482,6203,7528,23579,12626,8862,16397,6,2
16237,7234,11325,21799,6650,7234,4305,10883,11870,4498,6265,7545,23340,13072,8844,15834,6,2
14794,6631,10336,19946,6401,6903,4204,10556,11924,4490,6188,7398,22978,12219,8565,15640,6,2
15475,6912,10902,20873,6449,6951,4154,10466,11434,4339,5961,7073,22043,12225,8262,15246,6,2
14268,6353,10192,19643,6307,6628,3988,9975,11113,4201,5794,6987,21971,12288,8352,15327,6,2
14929,6871,10582,20767,6475,6928,4156,10298,11134,4248,5876,6923,21479,11897,8038,14856,6,2
15161,6684,10575,20325,6326,6774,4075,10122,11191,4343,5978,7170,22363,12471,8479,15790,6,2
15364,6875,10882,20960,6338,6997,3887,9073,10070,3792,5205,6258,20921,12165,8462,15615,6,2
15710,7015,11044,21193,6662,7013,4215,10524,11614,4381,6025,7152,22481,12443,8410,15454,6,2
14808,6682,10419,20019,6265,6799,4082,10236,11324,4322,6019,7169,22598,12431,8398,15451,6,2
15124,6785,10672,20735,6282,6945,4166,10435,11516,4280,5898,7011,21971,12264,8287,15341,6,2
6713,3111,4721,8978,2710,3098,1914,4544,5094,1967,2702,3220,9635,5372,3727,6637,6,3
6627,3033,4668,8888,2772,3065,1888,4471,4928,1951,2666,3167,9451,5297,3649,6443,6,3
6717,3094,4718,8999,2755,3067,1873,4483,5016,1934,2662,3182,9465,5319,3668,6468,6,3
6579,2970,4625,8874,2745,3042,1863,4466,4942,1969,2683,3198,9564,5385,3702,6579,6,3
6657,3031,4695,8983,2848,3045,1874,4451,4949,1943,2663,3175,9540,5345,3645,6565,6,3
6590,2972,4621,8875,2823,3009,1832,4417,5047,1904,2619,3113,9480,5290,3620,6438,6,3
6400,2914,4514,8694,2627,2958,1793,4340,4926,1879,2579,3090,9336,5225,3579,6429,6,3
6427,2936,4500,8679,2642,2936,1790,4295,4779,1856,2563,3043,9208,5135,3517,6265,6,3
6347,2886,4452,8529,2532,2902,1769,4248,4687,1814,2527,3018,9070,5083,3494,6252,6,3
6232,2824,4398,8387,2372,2851,1752,4203,4613,1834,2492,2986,8971,5011,3448,6201,6,3
10391,4549,7167,13947,3894,4657,2798,6771,7414,2907,4018,4773,15265,8401,5565,10422,6,4
10335,4480,7123,13922,3780,4638,2774,6716,7412,2897,4038,4756,15267,8397,5571,10336,6,4
10395,4548,7145,13855,3927,4620,2765,6764,7390,2891,3993,4752,15092,8361,5531,10367,6,4
10296,4451,7075,13813,3889,4590,2776,6682,7349,2875,3972,4710,15084,8310,5495,10273,6,4
10256,4459,7062,13732,4014,4565,2740,6679,7538,2849,3969,4704,15023,8298,5502,10285,6,4
10268,4471,7086,13758,4000,4548,2725,6709,7422,2854,3955,4701,15080,8323,5523,10251,6,4
10239,4484,7075,13754,3934,4566,2741,6687,7241,2860,3973,4707,15111,8339,5519,10297,6,4
10002,4437,7010,13731,4071,4557,2742,6699,7572,2837,3940,4695,15039,8292,5464,10253,6,4
10173,4453,7019,13601,4124,4551,2711,6658,7318,2817,3920,4668,14846,8179,5439,10174,6,4
10139,4400,6976,13530,4069,4530,2728,6593,7261,2811,3909,4645,14870,8189,5433,10208,6,4
10101,4425,6971,13572,3958,4538,2731,6642,7319,2826,3929,4660,14962,8259,5444,10214,6,4
10098,4439,6960,13585,4008,4492,2723,6564,7228,2807,3916,4636,14740,8119,5395,10100,6,4
16327,7243,11412,21937,6521,7272,4380,10939,12142,4552,6333,7570,23718,13101,8859,16495,6,5
16948,7516,11802,22575,6812,7433,4492,11149,12266,4621,6274,7448,23386,12934,8630,15934,6,5
16014,7090,11187,21509,6322,7095,4258,10682,11897,4426,6163,7379,23032,12874,8697,16029,6,5
16775,7449,11770,22618,6501,7441,4471,11212,12412,4662,6467,7768,24237,13521,9163,16741,6,5
16942,7473,11865,22745,6445,7489,4503,11315,12389,4679,6510,7800,24394,13568,9161,16835,6,5
16927,7441,11833,22774,6599,7477,4503,11257,12435,4681,6492,7778,24268,13496,9130,16655,6,5
16490,7445,11817,22697,6537,7434,4474,11260,12270,4620,6437,7785,24052,13409,9070,16634,6,5
16576,7311,11559,22006,6631,7231,4318,10935,11861,4459,6216,7481,23016,12841,8738,15943,6,5
16052,7087,11250,21489,6398,7118,4303,10810,11763,4467,6221,7459,23044,12866,8762,16070,6,5
16697,7342,11735,22530,6807,7411,4480,11245,12516,4659,6486,7788,24168,13516,9137,16630,6,5
16437,7201,11505,22141,6611,7239,4350,10912,12124,4523,6275,7540,23663,13166,8877,16263,6,5
16708,7336,11620,22275,6541,7280,4336,11014,12207,4541,6297,7566,23670,13150,8887,16136,6,5
17352,7688,12102,23275,6892,7703,4636,11610,12814,4860,6713,8010,25119,13883,9344,17338,6,6
17273,7667,12069,23157,6804,7651,4618,11536,12582,4834,6684,7977,25030,13862,9321,17238,6,6
17142,7554,11913,22867,6790,7542,4524,11396,12498,4770,6609,7889,24676,13690,9242,17089,6,6
17188,7586,12017,23272,7018,7623,4563,11622,12716,4795,6661,7986,24790,13763,9341,17104,6,6
17146,7595,12010,23045,6812,7613,4589,11448,12524,4789,6627,7905,24858,13770,9265,17069,6,6
17400,7679,12147,23388,6816,7694,4646,11599,12773,4856,6710,8033,24951,13881,9260,17218,6,6
17385,7673,12101,23145,6772,7673,4593,11573,12738,4796,6685,8000,24871,13840,9366,17152,6,6
17425,7672,12185,23363,6799,7709,4630,11658,12658,4842,6705,8039,24945,13839,9358,17231,6,6
17432,7633,12138,23409,6978,7685,4621,11571,12606,4829,6679,7971,25061,13870,9321,17194,6,6
17427,7619,12125,23306,7174,7671,4630,11511,12485,4778,6583,7902,24895,13778,9284,17174,6,6
17032,7423,11840,22733,6816,7426,4470,11213,12257,4682,6474,7718,24213,13392,9034,16603,6,6
17254,7517,11993,22980,6817,7431,4436,11287,12424,4651,6418,7755,24439,13642,9200,17063,6,6
17417,7655,12146,23287,6852,7669,4624,11599,12772,4839,6694,7985,24999,13854,9321,17213,6,6
17456,7560,12118,23325,7020,7659,4621,11638,12734,4821,6705,8009,24812,13786,9311,17125,6,6
17381,7553,12128,23314,6848,7660,4613,11634,12899,4847,6688,8004,24984,13856,9324,17132,6,6
17003,7530,11895,22981,6619,7618,4572,11142,12076,4556,6291,7535,23904,13251,8970,16782,6,7
16271,7111,10573,20606,6086,6843,4164,10317,11334,4362,6085,7294,22971,12923,8726,15686,6,7
16725,7431,11613,22496,6434,7440,4463,11066,12072,4618,6424,7646,24099,13457,9122,16823,6,7
17475,7613,12019,23356,6947,7615,4604,11484,12335,4783,6609,7893,24884,13558,9180,17196,6,7
17213,7624,12017,23317,6547,7648,4648,11602,12560,4859,6625,7966,25139,13774,9304,17350,6,7
17211,7525,11978,23338,6456,7385,4336,11014,11936,4628,6361,7599,24084,13287,9056,17148,6,7
17227,7498,11901,23131,6706,7585,4568,11536,12565,4757,6506,7806,24626,13521,9138,16984,6,7
17247,7646,12093,23497,6812,7637,4600,11434,12553,4804,6635,7891,25052,13627,9189,17150,6,7
17460,7549,12015,23391,6695,7591,4585,11467,12607,4813,6622,7883,25001,13648,9214,17174,6,7
17519,7590,12049,23471,6742,7617,4599,11528,12650,4803,6620,7904,24885,13646,9197,17202,6,7
17417,7578,12013,23331,6595,7609,4590,11448,12457,4784,6612,7875,24877,13624,9176,17104,6,7
17550,7600,12064,23450,6951,7624,4605,11483,12558,4777,6580,7878,24921,13602,9162,17131,6,7
16916,7449,11745,22589,6833,7531,4554,11357,12767,4772,6555,7829,24602,13548,9099,17020,7,0
16895,7429,11744,22706,6713,7520,4556,11288,12458,4757,6537,7815,24439,13490,9061,16835,7,0
16853,7433,11722,22671,6410,7497,4501,11307,12600,4710,6495,7785,24268,13413,9057,16789,7,0
16869,7400,11706,22487,6908,7503,4508,11359,12635,4734,6501,7809,24258,13408,9059,16841,7,0
16809,7391,11703,22419,6696,7487,4501,11311,12474,4716,6515,7780,24288,13429,9058,16816,7,0
16831,7355,11697,22454,6744,7459,4479,11381,12517,4692,6468,7769,24118,13374,9021,16804,7,0
16772,7319,11674,22534,6830,7458,4482,11270,12431,4668,6452,7747,24121,13323,9005,16773,7,0
16728,7310,11658,22451,6808,7435,4471,11309,12339,4675,6455,7752,24121,13317,8993,16662,7,0
16790,7317,11653,22395,6691,7423,4445,11283,12580,4660,6439,7743,24130,13330,9006,16696,7,0
16799,7358,11671,22467,6733,7438,4465,11200,12368,4652,6434,7718,24073,13316,8994,16648,7,0
16760,7385,11671,22400,6838,7428,4485,11245,12435,4690,6447,7731,24113,13375,8995,16669,7,0
16739,7301,11649,22324,6853,7411,4460,11313,12489,4690,6462,7746,24023,13325,9002,16690,7,0
16776,7338,11652,22460,6762,7411,4454,11268,12583,4662,6452,7736,24054,13326,8989,16639,7,0
16777,7263,11657,22507,6678,7441,4487,11227,12468,4678,6448,7729,24006,13283,8960,16618,7,0
16768,7282,11627,22513,6767,7424,4478,11140,12262,4696,6463,7731,24197,13381,8988,16703,7,0
11657,5107,8132,15757,4558,5195,3159,7743,8802,3306,4551,5414,16661,9334,6347,11632,7,1
11974,5298,8344,16121,4610,5320,3224,7977,9048,3384,4643,5559,17306,9405,6172,11238,7,1
11636,5106,8077,15746,4174,5146,3127,7655,8686,3275,4487,5369,16874,9312,6269,11537,7,1
11676,5096,8079,15848,4271,5152,3146,7679,8580,3276,4471,5345,15580,8950,5825,9623,7,1
11550,4985,8015,15726,4511,5144,3123,7691,8633,3263,4500,5403,16900,9285,6302,11528,7,1
10846,4723,7611,15003,4203,4957,3066,7537,8404,3226,4377,5224,16287,8908,6013,11013,7,1
11645,4992,8001,15755,4384,5099,3104,7561,8467,3248,4443,5297,16881,9146,6165,11528,7,1
11613,4861,7736,15461,4214,5004,3044,7483,8321,3184,4344,5211,16545,8975,6059,11294,7,1
11193,4789,7702,15185,4157,4908,2965,7372,8116,3118,4261,5063,16022,8727,5891,10880,7,1
10406,4393,7046,13656,3909,4461,2698,6703,7639,2845,3907,4685,14730,8074,5522,10289,7,1
10334,4403,7111,13906,3885,4517,2759,6704,7586,2887,3925,4719,14899,8070,5494,10139,7,1
10617,4518,7275,14301,4059,4625,2807,6900,7849,2936,4025,4821,15094,8218,5556,10229,7,1
10387,4465,7151,13985,4000,4524,2741,6786,7744,2865,3915,4686,14759,8041,5443,10011,7,1
16321,7168,11269,21804,6124,7205,4343,10903,11995,4530,6258,7470,23515,12846,8718,16132,7,2
16116,7005,11068,21635,6289,7176,4325,10879,11824,4509,6231,7423,23181,12718,8670,16069,7,2
16112,7055,11093,21554,6134,7114,4319,10676,11640,4478,6137,7323,22957,12546,8526,15767,7,2
15921,7012,10961,21099,5994,6962,4193,10651,11655,4383,6050,7271,22749,12478,8521,15557,7,2
15291,6671,10535,20359,5719,6735,4072,10162,10812,4171,5746,6903,20895,11742,7992,15100,7,2
15512,6774,10747,20839,5750,6863,4167,10399,11281,4332,5970,7136,21905,12224,8361,15415,7,2
15236,6637,10613,20617,5880,6838,4163,10441,11423,4226,5719,6899,22015,12082,8249,15204,7,2
15103,6565,10460,20157,5924,6815,4098,10277,11173,4165,5556,6527,20637,11387,7808,14606,7,2
15224,6651,10493,20222,5862,6705,4053,9899,11045,4255,5835,6965,21895,11941,8120,15032,7,2
15196,6596,10518,20382,5775,6718,4069,10093,11089,4246,5804,6918,21696,11858,8069,14971,7,2
15350,6664,10590,20557,5591,6759,4088,10195,11161,4298,5882,7005,21943,11991,8151,15089,7,2
14536,6431,10191,20315,5672,6471,3917,9956,11054,4144,5769,6939,21680,11808,7846,14220,7,2
13489,5921,9247,17974,5254,5828,3504,8595,9408,3624,4968,5978,19053,10446,6985,13031,7,3
13461,5871,9190,18047,5474,5878,3548,8732,9696,3675,5093,6067,19162,10513,7045,13149,7,3
13334,5845,9173,17839,5273,5843,3483,8793,9767,3708,5128,6143,19563,10744,7160,13401,7,3
13394,5814,9152,17881,5462,5832,3513,8739,9619,3687,5103,6090,19469,10695,7146,13293,7,3
13371,5801,9124,17911,5318,5859,3479,8749,9615,3671,5086,6083,19259,10619,7085,13229,7,3
13299,5777,9117,17792,5315,5804,3483,8740,9641,3627,5056,6063,19213,10564,7086,13104,7,3
13263,5745,9035,17729,5159,5803,3492,8721,9593,3648,5057,6013,19090,10529,7061,13062,7,3
13218,5701,9042,17767,5247,5747,3433,8604,9372,3628,5039,6001,19186,10490,7026,13060,7,3
13264,5708,9084,17737,5229,5739,3422,8644,9527,3625,5035,6002,18988,10429,7003,13061,7,3
13183,5688,8990,17538,5110,5703,3403,8622,9421,3617,5015,5996,18982,10451,6988,13057,7,3
13180,5658,8973,17580,5200,5688,3427,8579,9516,3600,4988,5977,18840,10364,6957,12947,7,3
13105,5671,8951,17585,5356,5676,3414,8498,9396,3600,4965,5940,18969,10366,6899,12834,7,3
13091,5657,8925,17640,5118,5676,3402,8499,9324,3592,4957,5918,18892,10352,6898,12844,7,3
2737,1805,2230,3394,1755,2266,1541,2441,2474,1507,1965,2031,3389,2291,2073,2596,7,4
2705,1790,2205,3336,1764,2235,1536,2419,2685,1509,1953,2034,3399,2296,2057,2587,7,4
2722,1780,2198,3339,1794,2265,1544,2431,2632,1533,1986,2041,3430,2345,2079,2605,7,4
2746,1809,2237,3401,1882,2250,1533,2444,2746,1525,1988,2061,3500,2352,2098,2511,7,4
2717,1801,2212,3388,1884,2278,1566,2441,2711,1530,1970,2027,3436,2317,2051,2547,7,4
2803,1889,2288,3483,1772,2345,1626,2495,2726,1608,2073,2153,3537,2407,2142,2673,7,4
2703,1778,2204,3329,1861,2218,1509,2415,2634,1518,1966,2037,3397,2297,2065,2604,7,4
2685,1780,2199,3330,1633,2222,1531,2406,2706,1523,1990,2039,3378,2296,2064,2602,7,4
2705,1786,2199,3321,1835,2247,1548,2399,2698,1516,1971,2032,3337,2274,2057,2518,7,4
2683,1808,2180,3289,1793,2233,1539,2411,2663,1529,1984,2041,3356,2286,2057,2556,7,4
2669,1756,2173,3281,1821,2231,1541,2392,2690,1520,1975,2029,3298,2274,2062,2572,7,4
2687,1782,2179,3298,1849,2235,1541,2385,2614,1530,1965,2022,3298,2275,2039,2576,7,4
17474,7628,11989,23100,6843,7733,4688,11716,12999,4850,6696,8008,24706,13591,9172,17344,7,5
17504,7675,12027,23244,6862,7755,4712,11700,13071,4874,6732,8054,25046,13704,9261,17333,7,5
17420,7604,11961,23031,6701,7737,4678,11738,13143,4875,6724,8044,24981,13732,9257,17396,7,5
17460,7647,11998,23136,6693,7687,4674,11534,13010,4841,6701,8008,24926,13668,9237,17329,7,5
17375,7573,11926,23025,6644,7666,4593,11667,12977,4785,6646,7997,24924,13690,9227,17381,7,5
17342,7586,11916,22927,6547,7683,4626,11695,13029,4854,6709,8019,25007,13731,9253,17496,7,5
17344,7587,11927,23003,6667,7708,4677,11608,13014,4867,6705,8008,25014,13752,9244,17376,7,5
17343,7593,11931,22915,6578,7684,4629,11633,12927,4856,6702,8012,25000,13772,9268,17323,7,5
17400,7594,11936,23053,6672,7714,4672,11633,12989,4840,6695,8008,24926,13693,9213,17320,7,5
17325,7603,11903,22945,6738,7656,4592,11603,13000,4828,6681,8003,24984,13742,9224,17298,7,5
17281,7597,11903,22966,6620,7681,4642,11597,12926,4854,6671,8004,25077,13780,9253,17243,7,5
17290,7567,11893,22931,6597,7689,4641,11564,12927,4819,6656,7955,24848,13655,9157,17191,7,5
17298,7530,11906,22945,6600,7652,4588,11607,13024,4761,6621,7932,24805,13615,9138,17250,7,5
17300,7609,11884,22887,6737,7634,4581,11591,12911,4753,6610,7950,24798,13631,9167,17293,7,5
17273,7552,11910,22954,6686,7680,4636,11568,13012,4841,6672,7994,24997,13745,9200,17320,7,5
17608,7637,12157,23469,7021,7829,4762,11769,12970,4937,6806,8138,25414,13954,9432,17559,7,6
17669,7689,12183,23544,7039,7816,4753,11743,13095,4932,6805,8143,25400,13971,9433,17562,7,6
17586,7602,12142,23477,6878,7764,4702,11712,13120,4874,6768,8101,25272,13867,9371,17455,7,6
17543,7668,12152,23433,6940,7769,4718,11757,13038,4892,6770,8105,25210,13920,9385,17445,7,6
17554,7636,12132,23404,6979,7738,4664,11758,13187,4870,6751,8068,25223,13912,9391,17397,7,6
17498,7626,12134,23366,6924,7740,4706,11774,13155,4896,6750,8094,25153,13869,9393,17359,7,6
17526,7652,12110,23429,6725,7756,4737,11715,13167,4879,6736,8081,25114,13893,9387,17019,7,6
17601,7566,12188,23523,5853,7816,4778,11755,12194,4963,6814,8145,25184,13915,9426,16958,7,6
17651,7487,12182,23560,6024,7787,4760,11720,12225,4914,6795,8121,25094,13800,9381,16930,7,6
17644,7482,12192,23537,5908,7762,4713,11732,12146,4927,6803,8126,25136,13843,9404,16880,7,6
17647,7544,12193,23556,6695,7752,4725,11735,12894,4902,6751,8081,25085,13800,9369,17197,7,6
17660,7555,12140,23413,6792,7741,4684,11733,12715,4866,6722,8059,25282,13731,9300,17311,7,6
17764,7552,12119,23573,6740,7760,4724,11639,12647,4913,6749,8031,25377,13765,9287,17337,7,6
17738,7560,12128,23495,6807,7764,4713,11739,12642,4904,6740,8026,25375,13749,9308,17216,7,6
17748,7569,12121,23523,6701,7768,4710,11708,12783,4897,6729,8013,25365,13747,9304,17289,7,6
17484,7673,11998,23136,6993,7844,4800,11721,13025,4986,6830,8159,25287,13917,9416,17711,7,7
17446,7638,12003,23198,7253,7844,4804,11698,13033,4989,6827,8146,25196,13912,9401,17599,7,7
17357,7612,11960,23082,6926,7826,4783,11684,13031,4981,6818,8150,24943,13831,9367,17536,7,7
17370,7608,11951,23021,6823,7788,4739,11732,13037,4952,6796,8110,24885,13833,9322,17535,7,7
17331,7626,11996,22980,7003,7784,4744,11685,13088,4935,6773,8099,25061,13820,9357,17745,7,7
17322,7644,11943,22947,7078,7803,4757,11674,12932,4968,6798,8138,25084,13875,9374,17624,7,7
17290,7594,11942,22947,7249,7788,4743,11665,13097,4953,6789,8107,25096,13859,9359,17586,7,7
17310,7636,11933,22918,7178,7759,4719,11681,13130,4939,6788,8137,25028,13837,9361,17627,7,7
17317,7615,11927,23008,7083,7761,4738,11601,13060,4921,6768,8091,25041,13804,9323,17626,7,7
17258,7635,11937,22902,7180,7765,4736,11691,13123,4948,6773,8102,25057,13848,9329,17644,7,7
17308,7628,11959,22895,7089,7752,4719,11696,13088,4928,6778,8099,24872,13803,9327,17592,7,7
17305,7619,11923,22961,7185,7760,4736,11654,13069,4944,6766,8104,25011,13775,9313,17518,7,7
17326,7626,11986,23067,7064,7765,4746,11681,13062,4945,6771,8103,25023,13818,9329,17594,7,7
17299,7617,11986,23043,7027,7759,4749,11726,13060,4934,6761,8102,24919,13782,9312,17539,7,7
17323,7561,11947,23015,7079,7747,4721,11681,13123,4911,6729,8051,24854,13750,9298,17485,7,7
